model,parameters,subset,hessian,prior precision,bayes loss,gibbs loss,bayes loss train,gibbs loss train,neg log marginal
ConvNN-4k,4928.0,all,kron,25.976757049560547,1.5685005,1.6027589,1.5407985,1.5740439,1.67836140625
ConvNN-7k,7774.0,all,kron,34.2634391784668,1.4485216,1.5026197,1.3866198,1.4382865,1.59626921875
ConvNN-12k,12672.0,all,kron,47.16954040527344,1.3170785,1.4070393,1.2149696,1.2956445,1.5220965625
ConvNN-18k,18870.0,all,kron,57.186073303222656,1.2232493,1.3511802,1.0658344,1.1739403,1.4846334375
ConvNN-24k,24166.0,all,kron,65.88363647460938,1.1736821,1.3483312,0.9565174,1.0942386,1.48602765625
