model,parameters,train loss,test loss
ConvNN-1161k,1161077.0,0.008728435806930066,1.7540463209152222
ConvNN-1199k,1199698.0,0.008902465872466564,1.751329505443573
ConvNN-1256k,1256346.0,0.008341454476118088,1.693248724937439
